{"embedTypes":["iframe"],"language":"en","defaultLanguage":"de","license":"U","extraTitle":"2_Lernwelt","title":"2_Lernwelt","mainLibrary":"H5P.CoursePresentation","preloadedDependencies":[{"machineName":"H5P.Image","majorVersion":1,"minorVersion":1},{"machineName":"H5P.DragText","majorVersion":1,"minorVersion":10},{"machineName":"FontAwesome","majorVersion":4,"minorVersion":5},{"machineName":"jQuery.ui","majorVersion":1,"minorVersion":10},{"machineName":"H5P.JoubelUI","majorVersion":1,"minorVersion":3},{"machineName":"H5P.Transition","majorVersion":1,"minorVersion":0},{"machineName":"H5P.FontIcons","majorVersion":1,"minorVersion":0},{"machineName":"H5P.Question","majorVersion":1,"minorVersion":5},{"machineName":"H5P.TrueFalse","majorVersion":1,"minorVersion":8},{"machineName":"H5P.MultiChoice","majorVersion":1,"minorVersion":16},{"machineName":"H5P.CoursePresentation","majorVersion":1,"minorVersion":25}]}